$\varepsilon$,Parameter,Mode,Mean,Median,95% HPD interval
0.1,$\beta$,0.1699,0.2181,0.2055,"(0.0753, 0.3849)"
0.1,$\gamma$,0.1020,0.1261,0.1254,"(0.0606, 0.2000)"
0.1,$\rho$,0.2826,0.2578,0.2635,"(0.0368, 0.4637)"
0.01,$\beta$,0.1563,0.1535,0.1529,"(0.0981, 0.2129)"
0.01,$\gamma$,0.0990,0.1174,0.1126,"(0.0615, 0.1804)"
0.01,$\rho$,0.2689,0.2545,0.2573,"(0.1273, 0.3857)"
0.001,$\beta$,0.1304,0.1376,0.1347,"(0.1066, 0.1718)"
0.001,$\gamma$,0.0987,0.1008,0.1000,"(0.0715, 0.1268)"
0.001,$\rho$,0.2440,0.2473,0.2464,"(0.1786, 0.3155)"
